[
  {
    "id": "8bd05e36-b439-4566-aa10-0fb6afc88251",
    "data": [
      {
        "text": "set alarm",
        "userDefined": false
      }
    ],
    "isTemplate": false,
    "count": 0,
    "updated": 0
  },
  {
    "id": "8b5e35d0-b137-451b-a960-1746be68f962",
    "data": [
      {
        "text": "set clock at 6",
        "userDefined": false
      }
    ],
    "isTemplate": false,
    "count": 0,
    "updated": 0
  },
  {
    "id": "ff3b637b-eea2-4b5b-8c49-22b1efe726ec",
    "data": [
      {
        "text": "remind me at 9pm",
        "userDefined": false
      }
    ],
    "isTemplate": false,
    "count": 0,
    "updated": 0
  }
]