[
  {
    "id": "c11723ac-5317-4ba0-b8a8-ee034f46b4c2",
    "data": [
      {
        "text": "give me missing value",
        "userDefined": false
      }
    ],
    "isTemplate": false,
    "count": 0,
    "updated": 0
  },
  {
    "id": "8245f0f9-4348-48e6-a269-341a17c0f175",
    "data": [
      {
        "text": "missing value",
        "userDefined": false
      }
    ],
    "isTemplate": false,
    "count": 1,
    "updated": 0
  },
  {
    "id": "e39fa1a9-333c-4540-b13f-7c712a2d97f2",
    "data": [
      {
        "text": "missing vlaue",
        "userDefined": false
      }
    ],
    "isTemplate": false,
    "count": 0,
    "updated": 0
  },
  {
    "id": "ecc66ba8-00d7-4020-9f9e-fe3c84bff6cd",
    "data": [
      {
        "text": "type of missing value",
        "userDefined": false
      }
    ],
    "isTemplate": false,
    "count": 0,
    "updated": 0
  },
  {
    "id": "9db0a6ee-a26e-44ad-90d9-8f9790cdffbe",
    "data": [
      {
        "text": "where is missing value",
        "userDefined": false
      }
    ],
    "isTemplate": false,
    "count": 0,
    "updated": 0
  },
  {
    "id": "5549ac26-3700-4d83-ae47-67ab01be749d",
    "data": [
      {
        "text": "the type of missing value",
        "userDefined": false
      }
    ],
    "isTemplate": false,
    "count": 0,
    "updated": 0
  },
  {
    "id": "059f0c1d-85bd-4cc4-b3e6-5c1c12ded26b",
    "data": [
      {
        "text": "does any missing value",
        "userDefined": false
      }
    ],
    "isTemplate": false,
    "count": 0,
    "updated": 0
  }
]