[
  {
    "id": "0b7cf70d-2482-478f-b183-fa5eb76cd4f4",
    "data": [
      {
        "text": "tell me outliers",
        "userDefined": false
      }
    ],
    "isTemplate": false,
    "count": 0,
    "updated": 0
  },
  {
    "id": "f8d92b72-8a93-40a6-a1d2-8bce9e7064b2",
    "data": [
      {
        "text": "outliers",
        "userDefined": false
      }
    ],
    "isTemplate": false,
    "count": 3,
    "updated": 0
  },
  {
    "id": "7c802ef7-a318-4e12-b7f6-6517af6f7c64",
    "data": [
      {
        "text": "outlier please",
        "userDefined": false
      }
    ],
    "isTemplate": false,
    "count": 0,
    "updated": 0
  },
  {
    "id": "b6a314d9-37d1-4f2e-8433-4ed3ebd3ab86",
    "data": [
      {
        "text": "outlier",
        "userDefined": false
      }
    ],
    "isTemplate": false,
    "count": 0,
    "updated": 0
  },
  {
    "id": "79e0b2fb-5e6d-4e45-80d2-bc25bbed4b85",
    "data": [
      {
        "text": "i want outlier",
        "userDefined": false
      }
    ],
    "isTemplate": false,
    "count": 0,
    "updated": 0
  },
  {
    "id": "da38713f-4a49-4623-a0af-adcfdb6e63cd",
    "data": [
      {
        "text": "outlier plz",
        "userDefined": false
      }
    ],
    "isTemplate": false,
    "count": 0,
    "updated": 0
  },
  {
    "id": "aa060f22-a7fb-4128-835e-dcd20ae162ac",
    "data": [
      {
        "text": "give me outlier",
        "userDefined": false
      }
    ],
    "isTemplate": false,
    "count": 0,
    "updated": 0
  },
  {
    "id": "96911c4b-b889-4ab3-8089-591ac0968d26",
    "data": [
      {
        "text": "tell me outlier",
        "userDefined": false
      }
    ],
    "isTemplate": false,
    "count": 0,
    "updated": 0
  },
  {
    "id": "1b52cf02-6620-494b-ba4a-41fd0cd0d086",
    "data": [
      {
        "text": "all outliers, please",
        "userDefined": false
      }
    ],
    "isTemplate": false,
    "count": 0,
    "updated": 0
  },
  {
    "id": "72f7f66c-5176-499a-970e-0462bf524b9f",
    "data": [
      {
        "text": "outlier, please",
        "userDefined": false
      }
    ],
    "isTemplate": false,
    "count": 0,
    "updated": 0
  },
  {
    "id": "8a1ce9a3-4d39-4020-95d3-4f8534490014",
    "data": [
      {
        "text": "I want the outlier of this dataset",
        "userDefined": false
      }
    ],
    "isTemplate": false,
    "count": 0,
    "updated": 0
  },
  {
    "id": "79cbcde0-49fe-444c-9d4d-b302a1ebfb18",
    "data": [
      {
        "text": "give me the outlier",
        "userDefined": false
      }
    ],
    "isTemplate": false,
    "count": 0,
    "updated": 0
  }
]