[
  {
    "id": "77b69679-f694-4637-a207-d3bfeea3bbbb",
    "data": [
      {
        "text": "transfer 50 euro please",
        "userDefined": false
      }
    ],
    "isTemplate": false,
    "count": 0,
    "updated": 0
  },
  {
    "id": "3cb491db-7a85-4cbd-8bcc-33068399e191",
    "data": [
      {
        "text": "i want to make transfer",
        "userDefined": false
      }
    ],
    "isTemplate": false,
    "count": 0,
    "updated": 0
  },
  {
    "id": "84e3a95f-7ee7-4d25-aa34-2306ea49307b",
    "data": [
      {
        "text": "transfer money",
        "userDefined": false
      }
    ],
    "isTemplate": false,
    "count": 0,
    "updated": 0
  }
]